year,month,day,hour,minute,bottom_depth,bottle,pressure,depth,temperature,salinity,oxygen
2010,4,17,12.0,43.0,292.0,1.0,5.6,6.0,29.628,34.83854692230071,185.63106796116506
2010,4,17,12.0,43.0,292.0,2.0,15.4,15.0,29.524,34.899091826437946,188.64077669902915
2010,4,17,12.0,43.0,292.0,3.0,40.4,40.0,19.823,35.898082744702315,-999
2010,4,17,12.0,43.0,292.0,4.0,60.4,60.0,18.442,35.879919273461155,116.01941747572815
2010,4,17,12.0,43.0,292.0,5.0,100.2,100.0,16.598,35.77598385469223,88.25242718446601
2010,4,17,12.0,43.0,292.0,6.0,150.7,150.0,15.618,35.662966700302725,79.6116504854369
2010,4,17,12.0,43.0,292.0,7.0,225.3,224.0,13.87,35.44197780020181,60.48543689320388
2010,4,17,12.0,43.0,292.0,8.0,272.1,270.0,11.459,35.165489404641775,47.66990291262135
